Class,
Not Accepted,
Not Accepted,
UberBLACK,
uberX,
UberBLACK,
UberBLACK,
uberX,
uberX,
uberX,
Not Accepted,
Not Accepted,
UberX,
Not Accepted,
Not Accepted,
uberX,
UberBLACK,
UberBLACK,
UberBLACK,
UberBLACK,
Not Accepted,
UberBLACK,
UberBLACK,
UberBLACK,
Not Accepted,
uberX,
UberBLACK,
UberBLACK,
UberBLACK,
UberBLACK,
Not Accepted,
Not Accepted,
uberX,
UberBLACK,
Not Accepted,
UberBLACK,
UberBLACK,
UberBLACK,
UberBLACK,
Not Accepted,
UberBLACK,
UberBLACK,
Not Accepted,
UberBLACK,
Not Accepted,
Not Accepted,
UberBLACK,
UberBLACK,
uberX,
UberBLACK,
UberBLACK,
UberBLACK,
UberBLACK,
UberBLACK,
UberBLACK,
uberX,
UberBLACK,
uberX,
UberBLACK,
uberX,
uberX,
uberX,
Not Accepted,
Not Accepted,
UberBLACK,
Not Accepted,
UberBLACK,
UberBLACK,
Not Accepted,
UberBLACK,
UberBLACK,
UberSUV,
UberSUV,
UberSUV,
UberBLACK,
UberBLACK,
UberBLACK,
UberBLACK,
Not Accepted,
uberX,
Not Accepted,
Not Accepted,
Not Accepted,
uberX,
uberX,
uberX,
uberX,
uberX,
uberX,
uberX,
uberX,
Not Accepted,
Not Accepted,
Not Accepted,
Not Accepted,
Not Accepted,
Not Accepted,
uberX,
UberSUV,
UberSUV,
UberSUV,
uberXL,
uberX,
Not Accepted,
uberX,
uberX,
uberXL,
Not Accepted,
uberX (Sedan only),
uberXL,
uberX,
uberX,
uberX,
Not Accepted,
uberX,
uberXL,
uberXL,
uberXL,
uberX,
uberX,
Not Accepted,
Not Accepted,
Not Accepted,
uberX,
uberX,
uberX,
uberX,
uberX,
uberX,
UberSUV,
uberXL,
Not Accepted,
uberXL,
uberX,
Not Accepted,
uberX,
uberX,
uberX,
uberX,
Not Accepted,
uberXL,
Not Accepted,
uberX,
Not Accepted,
Not Accepted,
Not Accepted,
uberX,
UberSUV,
UberSUV,
UberSUV,
uberX,
uberX,
uberX,
uberX,
uberX,
uberX,
Not Accepted,
uberX,
uberX,
Not Accepted,
Not Accepted,
uberX,
Not Accepted,
uberXL,
uberXL,
uberX,
Not Accepted,
uberX,
uberX,
Not Accepted,
uberX,
UberBLACK,
UberBLACK,
uberX,
uberXL,
uberX,
uberX,
uberX,
uberX,
Not Accepted,
UberBLACK,
Not Accepted,
Not Accepted,
Not Accepted,
Not Accepted,
Not Accepted,
Not Accepted,
Not Accepted,
UberBLACK,
UberBLACK,
UberBLACK,
UberBLACK,
UberBLACK,
UberBLACK,
Not Accepted,
uberX,
UberBLACK,
UberSUV,
uberX,
UberSUV,
UberSUV,
Not Accepted,
UberSUV,
UberBLACK,
UberBLACK,
UberBLACK,
uberX,
UberBLACK,
uberX,
uberX,
uberX,
uberX,
uberX,
uberX,
Not Accepted,
uberX,
uberX,
uberX,
UberBLACK,
uberX,
uberX,
Not Accepted,
uberXL,
uberX,
Not Accepted,
Not Accepted,
uberX,
uberX,
Not Accepted,
uberX,
UberBLACK,
UberBLACK,
Not Accepted,
UberBLACK,
Not Accepted,
UberBLACK,
UberBLACK,
UberBLACK,
UberBLACK,
UberBLACK,
uberX,
UberBLACK,
Not Accepted,
Not Accepted,
Not Accepted,
Not Accepted,
UberBLACK,
UberBLACK,
UberBLACK,
uberX,
Not Accepted,
UberBLACK,
UberBLACK,
uberX,
uberX,
UberBLACK,
UberBLACK,
uberX,
uberX,
UberSUV,
uberX,
uberBLACK,
uberBLACK,
uberX,
uberX,
uberXL,
Not Accepted,
Not Accepted,
uberX,
uberX,
uberX,
uberX,
Not Accepted,
uberX,
Not Accepted,
uberX,
UberBLACK,
UberBLACK,
UberBLACK,
UberSUV,
Not Accepted,
UberBLACK,
UberBLACK,
UberBLACK,
UberBLACK,
uberXL,
UberBLACK,
UberBLACK,
uberX,
uberX,
uberX,
uberX,
uberX,
uberXL,
uberX,
Not Accepted,
Not Accepted,
Not Accepted,
Not Accepted,
Not Accepted,
Not Accepted,
uberX,
uberX,
Not Accepted,
uberX,
Not Accepted,
Not Accepted,
Not Accepted,
uberXL,
uberX,
uberX,
uberX,
UberSUV,
Not Accepted,
Not Accepted,
Not Accepted,
uberX,
uberX,
Not Accepted,
Accepted,
uberXL,
uberXL,
uberX,
uberX,
uberX,
Not Accepted,
Not Accepted,
uberX,
uberX,
uberX,
uberX,
uberX,
UberBLACK,
UberBLACK,
UberBLACK,
Not Accepted,
Not Accepted,
Not Accepted,
Not Accepted,
Not Accepted,
UberBLACK,
UberBLACK,
Not Accepted,
uberX,
Not Accepted,
uberX,
uberX,
uberX,
uberX,
Not Accepted,
Not Accepted,
Not Accepted,
Not Accepted,
Not Accepted,
uberX,
uberX,
Not Accepted,
uberX,
uberX,
uberXL,
uberX,
uberX,
Not Accepted,
uberX,
uberX,
Not Accepted,
UberBLACK,
UberBLACK,
uberX,
uberX,
uberX,
uberX,
uberX,
uberX,
Not Accepted,
uberXL,
uberXL,
UberBLACK,
Not Accepted,
Not Accepted,
uberX,
Not Accepted,
uberX,
uberX,
uberX,
uberX,
UberSUV,
uberXL,
Not Accepted,
Not Accepted,
uberX,
Not Accepted,
Not Accepted,
uberX,
Not Accepted,
Not Accepted,
Not Accepted,
Not Accepted,
uberX,
Not Accepted,
uberX,
uberX,
uberX,
Not Accepted,
Not Accepted,
uberX,
uberXL,
uberX,
uberX,
Not Accepted,
Not Accepted,
uberX,
UberBLACK,
Not Accepted,
Not Accepted,
Not Accepted,
uberX,
uberX,
UberBLACK,